MODELYEAR,MAKE,MODEL,VEHICLECLASS,ENGINESIZE,CYLINDERS,TRANSMISSION,FUELTYPE,FUELCONSUMPTION_CITY,FUELCONSUMPTION_HWY,FUELCONSUMPTION_COMB,FUELCONSUMPTION_COMB_MPG,CO2EMISSIONS
2026,ACURA,INTEGRA A-SPEC,FULL-SIZE,1.5,4,AV7,Z,8,6.3,7.3,39,171
2026,ACURA,INTEGRA A-SPEC,FULL-SIZE,1.5,4,M6,Z,8.9,6.5,7.8,36,181
2026,ACURA,INTEGRA TYPE S,FULL-SIZE,2,4,M6,Z,11.1,8.3,9.9,29,230
2026,ACURA,MDX SH-AWD,SPORT UTILITY VEHICLE: SMALL,3.5,6,AS10,Z,12.6,9.4,11.2,25,263
2026,ACURA,MDX SH-AWD TYPE S,SPORT UTILITY VEHICLE: STANDARD,3,6,AS10,Z,13.8,11.2,12.4,23,291
2026,ACURA,RDX SH-AWD,SPORT UTILITY VEHICLE: SMALL,2,4,AS10,Z,11,8.6,9.9,29,232
2026,ACURA,RDX SH-AWD A-SPEC,SPORT UTILITY VEHICLE: SMALL,2,4,AS10,Z,11.3,9.1,10.3,27,241
2026,ALFA ROMEO,GIULIA,MID-SIZE,2,4,A8,Z,10,7.2,8.7,32,205
2026,ALFA ROMEO,GIULIA AWD,MID-SIZE,2,4,A8,Z,10.5,7.7,9.2,31,217
2026,ALFA ROMEO,STELVIO AWD,SPORT UTILITY VEHICLE: SMALL,2,4,A8,Z,10.8,8.3,9.6,29,226
2026,ALFA ROMEO,TONALE AWD,SPORT UTILITY VEHICLE: SMALL,2,4,A9,X,11.5,8.1,10,28,234
2026,ASTON MARTIN,DB12,MINICOMPACT,4,8,A8,Z,15.9,10.5,13.5,21,316
2026,ASTON MARTIN,DB12 S,MINICOMPACT,4,8,A8,Z,16.3,11,13.9,20,327
2026,ASTON MARTIN,DBX707,SPORT UTILITY VEHICLE: STANDARD,4,8,A9,Z,15.7,12,14,20,329
2026,ASTON MARTIN,DBX S,SPORT UTILITY VEHICLE: STANDARD,4,8,A9,Z,16.4,12.1,14.5,19,340
2026,ASTON MARTIN,VANQUISH COUPE,TWO-SEATER,5.2,12,A8,Z,17.6,11.3,14.8,19,347
2026,ASTON MARTIN,VANQUISH VOLANTE,TWO-SEATER,5.2,12,A8,Z,17.7,11.7,15,19,352
2026,ASTON MARTIN,VANTAGE,TWO-SEATER,4,8,A8,Z,15.3,10.5,13.1,22,308
2026,AUDI,A3 40 TFSI QUATTRO,SUBCOMPACT,2,4,AM7,Z,9.7,7.1,8.5,33,200
2026,AUDI,A5 TFSI QUATTRO,MID-SIZE,2,4,AM7,Z,10.7,7.3,9.1,31,214
2026,AUDI,A6 55 TFSI QUATTRO,MID-SIZE,3,6,AM7,Z,12.1,8,10.2,28,241
2026,AUDI,A6 ALLROAD 55 TFSI QUATTRO,STATION WAGON: MID-SIZE,3,6,AM7,Z,11.3,8.4,10,28,234
2026,AUDI,Q3 TFSI QUATTRO,SPORT UTILITY VEHICLE: SMALL,2,4,AM7,X,10.8,8.1,9.6,29,225
2026,AUDI,Q5 TFSI QUATTRO,SPORT UTILITY VEHICLE: SMALL,2,4,AM7,Z,11,8.1,9.7,29,229
2026,AUDI,Q5 SPORTBACK TFSI QUATTRO,SPORT UTILITY VEHICLE: SMALL,2,4,AM7,Z,11,8.1,9.7,29,229
2026,AUDI,Q7 55 TFSI QUATTRO,SPORT UTILITY VEHICLE: STANDARD,3,6,AS8,Z,13,10,11.7,24,275
2026,AUDI,Q8 55 TFSI QUATTRO,SPORT UTILITY VEHICLE: STANDARD,3,6,AS8,Z,13.6,10.4,12.1,23,285
2026,AUDI,RS 3,SUBCOMPACT,2.5,5,AM7,Z,11.9,8.2,10.3,27,240
2026,AUDI,RS 6 AVANT QUATTRO PERFORMANCE,STATION WAGON: MID-SIZE,4,8,AS8,Z,17.1,11.2,14.4,20,339
2026,AUDI,RS 7 SPORTBACK QUATTRO PERFORMANCE,MID-SIZE,4,8,AS8,Z,16.5,10.7,13.9,20,326
2026,AUDI,RS Q8 PERFORMANCE,SPORT UTILITY VEHICLE: STANDARD,4,8,AS8,Z,16.1,11.7,14.1,20,340
2026,AUDI,S3 QUATTRO,SUBCOMPACT,2,4,AM7,Z,10.5,7.7,9.2,31,217
2026,AUDI,S5 SEDAN QUATTRO,MID-SIZE,3,6,AM7,Z,12,8.1,10.2,28,240
2026,AUDI,SQ5 QUATTRO,SPORT UTILITY VEHICLE: SMALL,3,6,AM7,Z,11.5,8.5,10.1,28,238
2026,AUDI,SQ5 SPORTBACK QUATTRO,SPORT UTILITY VEHICLE: SMALL,3,6,AM7,Z,11.5,8.5,10.1,28,238
2026,AUDI,SQ7,SPORT UTILITY VEHICLE: STANDARD,4,8,AS8,Z,16.3,11.9,14.3,20,335
2026,AUDI,SQ8 QUATTRO,SPORT UTILITY VEHICLE: STANDARD,4,8,AS8,Z,16.1,11.9,14.2,20,335
2026,BENTLEY,BENTAYGA,SPORT UTILITY VEHICLE: STANDARD,4,8,AS8,Z,17.1,11.4,14.6,19,343
2026,BENTLEY,BENTAYGA EWB,SPORT UTILITY VEHICLE: STANDARD,4,8,AS8,Z,17.1,11.4,14.6,19,343
2026,BMW,230I XDRIVE COUPE,SUBCOMPACT,2,4,AS8,Z,9.5,7.1,8.4,34,194
2026,BMW,330I XDRIVE SEDAN,COMPACT,2,4,AS8,Z,8.9,6.9,8,35,185
2026,BMW,430I XDRIVE CABRIOLET,SUBCOMPACT,2,4,AS8,Z,9.6,7.1,8.5,33,196
2026,BMW,430I XDRIVE COUPE,SUBCOMPACT,2,4,AS8,Z,8.7,6.9,7.9,36,183
2026,BMW,530I XDRIVE SEDAN,MID-SIZE,2,4,AS8,Z,8.7,6.8,7.9,36,182
2026,BMW,760I XDRIVE SEDAN,FULL-SIZE,4.4,8,AS8,Z,13.3,9.3,11.5,25,265
2026,BMW,ALPINA XB7,SPORT UTILITY VEHICLE: STANDARD,4.4,8,AS8,Z,15.2,11.6,13.6,21,314
2026,BMW,M2 COUPE,SUBCOMPACT,3,6,AS8,Z,14.4,10.3,12.5,23,290
2026,BMW,M2 COUPE,SUBCOMPACT,3,6,M6,Z,14.7,10,12.6,22,294
2026,BMW,M2 COUPE CS,SUBCOMPACT,3,6,AS8,Z,14.7,10.2,12.7,22,295
2026,BMW,M240I XDRIVE COUPE,SUBCOMPACT,3,6,AS8,Z,10.3,7.3,9,31,209
2026,BMW,M3 SEDAN,COMPACT,3,6,M6,Z,14.7,10.1,12.6,22,293
2026,BMW,M3 COMPETITION SEDAN,COMPACT,3,6,AS8,Z,14.9,10.3,12.8,22,296
2026,BMW,M340I XDRIVE SEDAN,COMPACT,3,6,AS8,Z,9,7.1,8.2,34,189
2026,BMW,M4 COUPE,SUBCOMPACT,3,6,M6,Z,14.7,10.1,12.6,22,293
2026,BMW,M4 COMPETITION COUPE,SUBCOMPACT,3,6,AS8,Z,14.7,10.2,12.7,22,293
2026,BMW,M4 COMPETITION CABRIOLET,SUBCOMPACT,3,6,AS8,Z,14.9,10.5,12.9,22,297
2026,BMW,M440I XDRIVE CABRIOLET,SUBCOMPACT,3,6,AS8,Z,9.2,7.3,8.4,34,194
2026,BMW,M440I XDRIVE COUPE,SUBCOMPACT,3,6,AS8,Z,8.9,7.1,8.1,35,187
2026,BMW,M850I XDRIVE CABRIOLET,SUBCOMPACT,4.4,8,AS8,Z,14.1,9.9,12.2,23,284
2026,BMW,M850I XDRIVE COUPE,SUBCOMPACT,4.4,8,AS8,Z,14.1,9.9,12.2,23,284
2026,BMW,M850I XDRIVE GRAN COUPE,MID-SIZE,4.4,8,AS8,Z,14.1,9.9,12.2,23,284
2026,BMW,X1 XDRIVE28I,SPORT UTILITY VEHICLE: SMALL,2,4,AM7,Z,9.5,6.9,8.3,34,193
2026,BMW,X1 M35I XDRIVE,SPORT UTILITY VEHICLE: SMALL,2,4,AM7,Z,9.9,7.4,8.8,32,203
2026,BMW,X2 XDRIVE28I,SPORT UTILITY VEHICLE: SMALL,2,4,AM7,Z,9.7,6.9,8.4,34,195
2026,BMW,X2 M35I XDRIVE,SPORT UTILITY VEHICLE: SMALL,2,4,AM7,Z,10.3,7.5,9.1,31,210
2026,BMW,X3 30 XDRIVE,SPORT UTILITY VEHICLE: SMALL,2,4,AS8,Z,8.8,7.1,8.1,35,186
2026,BMW,X3 M50 XDRIVE,SPORT UTILITY VEHICLE: SMALL,3,6,AS8,Z,9.3,7.7,8.6,33,199
2026,BMW,X5 XDRIVE40I,SPORT UTILITY VEHICLE: STANDARD,3,6,AS8,Z,10.1,8.7,9.4,30,218
2026,BMW,X5 M60I XDRIVE,SPORT UTILITY VEHICLE: STANDARD,4.4,8,AS8,Z,13.8,10.5,12.3,23,285
2026,BMW,X5 M COMPETITION,SPORT UTILITY VEHICLE: STANDARD,4.4,8,AS8,Z,18.2,12.9,15.8,18,366
2026,BMW,X6 XDRIVE40I,SPORT UTILITY VEHICLE: STANDARD,3,6,AS8,Z,10.9,8.9,10,28,231
2026,BMW,X6 M60I XDRIVE,SPORT UTILITY VEHICLE: STANDARD,4.4,8,AS8,Z,13.8,10.5,12.3,23,285
2026,BMW,X6 M COMPETITION,SPORT UTILITY VEHICLE: STANDARD,4.4,8,AS8,Z,18.2,12.9,15.8,18,366
2026,BMW,X7 XDRIVE40I,SPORT UTILITY VEHICLE: STANDARD,3,6,AS8,Z,11.3,9.3,10.4,27,240
2026,BMW,X7 M60I XDRIVE,SPORT UTILITY VEHICLE: STANDARD,4.4,8,AS8,Z,14.7,11.6,13.3,21,310
2026,BMW,Z4 SDRIVE30I ROADSTER,TWO-SEATER,2,4,AS8,Z,9.4,7.1,8.4,34,194
2026,BMW,Z4 M40I ROADSTER,TWO-SEATER,3,6,AS8,Z,10.4,8,9.3,30,215
2026,BMW,Z4 M40I ROADSTER,TWO-SEATER,3,6,M6,Z,12.6,8.9,10.9,26,253
2026,BUICK,ENCLAVE AWD,SPORT UTILITY VEHICLE: STANDARD,2.5,4,A8,X,12.1,9.9,11.1,25,260
2026,BUICK,ENCORE GX,SPORT UTILITY VEHICLE: SMALL,1.3,3,AV,X,8,7.6,7.8,36,183
2026,BUICK,ENCORE GX AWD,SPORT UTILITY VEHICLE: SMALL,1.3,3,A9,X,9.2,8.4,8.8,32,206
2026,BUICK,ENVISION AWD,SPORT UTILITY VEHICLE: SMALL,2,4,AS9,X,10.5,8.4,9.5,30,226
2026,BUICK,ENVISTA,STATION WAGON: SMALL,1.2,3,A6,X,8.4,7.4,7.9,36,185
2026,CADILLAC,CT4,COMPACT,2,4,AS8,Z,10.6,7.3,9.1,31,214
2026,CADILLAC,CT4,COMPACT,2.7,4,AS10,Z,11,7.6,9.5,30,221
2026,CADILLAC,CT4 AWD,COMPACT,2,4,AS8,Z,11,7.6,9.5,30,223
2026,CADILLAC,CT4 AWD,COMPACT,2.7,4,AS10,Z,11.3,8.1,9.9,29,231
2026,CADILLAC,CT4-V,COMPACT,2.7,4,AS10,Z,11.7,8.2,10.1,28,238
2026,CADILLAC,CT4-V,COMPACT,3.6,6,AS10,Z,15,9.7,12.6,22,297
2026,CADILLAC,CT4-V,COMPACT,3.6,6,M6,Z,15.2,10.2,12.9,22,303
2026,CADILLAC,CT4-V AWD,COMPACT,2.7,4,AS10,Z,12,8.4,10.4,27,244
2026,CADILLAC,CT5,MID-SIZE,2,4,AS10,Z,10.6,7.5,9.2,31,215
2026,CADILLAC,CT5,MID-SIZE,3,6,AS10,Z,12.3,8.4,10.6,27,249
2026,CADILLAC,CT5 AWD,MID-SIZE,2,4,AS10,Z,11.1,7.9,9.7,29,228
2026,CADILLAC,CT5 AWD,MID-SIZE,3,6,AS10,Z,12.9,8.8,11,26,260
2026,CADILLAC,CT5-V,MID-SIZE,3,6,AS10,Z,13.2,8.7,11.2,25,263
2026,CADILLAC,CT5-V,MID-SIZE,6.2,8,AS10,Z,18.5,11.5,15.3,18,360
2026,CADILLAC,CT5-V,MID-SIZE,6.2,8,M6,Z,18.7,11.6,15.5,18,365
2026,CADILLAC,CT5-V AWD,MID-SIZE,3,6,AS10,Z,13.8,9,11.7,24,275
2026,CADILLAC,ESCALADE 4WD,SPORT UTILITY VEHICLE: STANDARD,6.2,8,A10,Z,16.6,13,15,19,352
2026,CADILLAC,ESCALADE-V AWD,SPORT UTILITY VEHICLE: STANDARD,6.2,8,AS10,Z,20.8,13.8,17.7,16,420
2026,CADILLAC,XT5,SPORT UTILITY VEHICLE: SMALL,2,4,AS9,Z,10.9,8.2,9.7,29,228
2026,CADILLAC,XT5 AWD,SPORT UTILITY VEHICLE: SMALL,2,4,AS9,Z,11.2,8.7,10.1,28,237
2026,CADILLAC,XT5 AWD,SPORT UTILITY VEHICLE: SMALL,3.6,6,AS9,X,12.9,9.2,11.2,25,264
2026,CHEVROLET,BLAZER AWD,SPORT UTILITY VEHICLE: SMALL,2,4,A9,X,10.8,8.7,9.9,29,232
2026,CHEVROLET,BLAZER AWD,SPORT UTILITY VEHICLE: SMALL,3.6,6,A9,X,12.8,9.2,11.2,25,264
2026,CHEVROLET,COLORADO,PICKUP TRUCK: STANDARD,2.7,4,A8,X,12.3,9.7,11.1,25,261
2026,CHEVROLET,COLORADO 4WD,PICKUP TRUCK: STANDARD,2.7,4,A8,X,13.6,10.7,12.3,23,287
2026,CHEVROLET,COLORADO 4WD MUD TERRAIN TIRE,PICKUP TRUCK: STANDARD,2.7,4,A8,X,14,11.9,13.1,22,307
2026,CHEVROLET,COLORADO ZR2 4WD,PICKUP TRUCK: STANDARD,2.7,4,A8,X,14.1,13.8,14,20,328
2026,CHEVROLET,COLORADO ZR2 BISON 4WD,PICKUP TRUCK: STANDARD,2.7,4,A8,X,14.8,15.1,14.9,19,350
2026,CHEVROLET,CORVETTE,TWO-SEATER,6.2,8,AS8,Z,15.1,9.4,12.5,23,295
2026,CHEVROLET,CORVETTE E-RAY,TWO-SEATER,6.2,8,AS8,Z,15.1,9.7,12.7,22,298
2026,CHEVROLET,CORVETTE Z06,TWO-SEATER,5.5,8,AS8,Z,19.4,11.4,15.8,18,371
2026,CHEVROLET,CORVETTE Z06 CARBON AERO,TWO-SEATER,5.5,8,AS8,Z,20,12.7,16.7,17,392
2026,CHEVROLET,CORVETTE ZR1,TWO-SEATER,5.5,8,AS8,Z,19.5,13.1,16.6,17,390
2026,CHEVROLET,CORVETTE ZR1X,TWO-SEATER,5.5,8,AS8,Z,19.2,12.7,16.2,17,381
2026,CHEVROLET,EQUINOX,SPORT UTILITY VEHICLE: SMALL,1.5,4,AV,X,9.2,8.1,8.7,32,204
2026,CHEVROLET,EQUINOX AWD,SPORT UTILITY VEHICLE: SMALL,1.5,4,A8,X,9.6,8.1,8.9,32,209
2026,CHEVROLET,SILVERADO,PICKUP TRUCK: STANDARD,2.7,4,A8,X,13.5,11.3,12.5,23,293
2026,CHEVROLET,SILVERADO,PICKUP TRUCK: STANDARD,3,6,A10,D,10.1,8.3,9.3,30,250
2026,CHEVROLET,SILVERADO,PICKUP TRUCK: STANDARD,5.3,8,A10,X,15,12,13.6,21,319
2026,CHEVROLET,SILVERADO 4WD,PICKUP TRUCK: STANDARD,2.7,4,A8,X,13.7,11.8,12.8,22,300
2026,CHEVROLET,SILVERADO 4WD MUD TERRAIN TIRE,PICKUP TRUCK: STANDARD,2.7,4,A8,X,14.6,13.6,14.2,20,332
2026,CHEVROLET,SILVERADO 4WD,PICKUP TRUCK: STANDARD,3,6,A10,D,10.7,9.3,10.1,28,270
2026,CHEVROLET,SILVERADO 4WD MUD TERRAIN TIRE,PICKUP TRUCK: STANDARD,3,6,A10,D,11,9.9,10.5,27,283
2026,CHEVROLET,SILVERADO 4WD,PICKUP TRUCK: STANDARD,5.3,8,A10,X,15.3,12.6,14.1,20,330
2026,CHEVROLET,SILVERADO 4WD FFV,PICKUP TRUCK: STANDARD,5.3,8,A10,X,15.2,12.2,13.9,20,326
2026,CHEVROLET,SILVERADO 4WD FFV,PICKUP TRUCK: STANDARD,5.3,8,A10,E,21.3,16.6,19.2,15,320
2026,CHEVROLET,SILVERADO 4WD MUD TERRAIN TIRE,PICKUP TRUCK: STANDARD,5.3,8,A10,X,15.8,13.4,14.7,19,345
2026,CHEVROLET,SILVERADO 4WD,PICKUP TRUCK: STANDARD,6.2,8,A10,Z,15.7,11.9,14,20,328
2026,CHEVROLET,SILVERADO 4WD MUD TERRAIN TIRE,PICKUP TRUCK: STANDARD,6.2,8,A10,Z,17.1,14,15.7,18,368
2026,CHEVROLET,SILVERADO 4WD ZR2,PICKUP TRUCK: STANDARD,3,6,A10,D,11.6,10.5,11.1,25,298
2026,CHEVROLET,SILVERADO 4WD ZR2,PICKUP TRUCK: STANDARD,6.2,8,A10,Z,17.1,14.1,15.7,18,370
2026,CHEVROLET,SUBURBAN,SPORT UTILITY VEHICLE: STANDARD,3,6,A10,D,11.2,8.9,10.2,28,274
2026,CHEVROLET,SUBURBAN,SPORT UTILITY VEHICLE: STANDARD,5.3,8,A10,X,15.7,12,14,20,329
2026,CHEVROLET,SUBURBAN 4WD,SPORT UTILITY VEHICLE: STANDARD,3,6,A10,D,11.5,9.7,10.7,26,287
2026,CHEVROLET,SUBURBAN 4WD,SPORT UTILITY VEHICLE: STANDARD,5.3,8,A10,X,17.1,12.6,15.1,19,353
2026,CHEVROLET,SUBURBAN 4WD,SPORT UTILITY VEHICLE: STANDARD,6.2,8,A10,Z,16.6,13,15,19,352
2026,CHEVROLET,TAHOE,SPORT UTILITY VEHICLE: STANDARD,3,6,A10,D,10.6,9,9.9,29,266
2026,CHEVROLET,TAHOE,SPORT UTILITY VEHICLE: STANDARD,5.3,8,A10,X,15.7,12,14,20,329
2026,CHEVROLET,TAHOE 4WD,SPORT UTILITY VEHICLE: STANDARD,3,6,A10,D,11.5,9.7,10.7,26,287
2026,CHEVROLET,TAHOE 4WD,SPORT UTILITY VEHICLE: STANDARD,5.3,8,A10,X,15.8,12.2,14.2,20,333
2026,CHEVROLET,TAHOE 4WD,SPORT UTILITY VEHICLE: STANDARD,6.2,8,A10,Z,16.6,13,15,19,352
2026,CHEVROLET,TRAILBLAZER,SPORT UTILITY VEHICLE: SMALL,1.2,3,AV,X,7.8,7.7,7.8,36,183
2026,CHEVROLET,TRAILBLAZER,SPORT UTILITY VEHICLE: SMALL,1.2,3,AV,E,11.2,10.2,10.7,26,178
2026,CHEVROLET,TRAILBLAZER,SPORT UTILITY VEHICLE: SMALL,1.3,3,AV,X,8.1,7.2,7.7,37,181
2026,CHEVROLET,TRAILBLAZER AWD,SPORT UTILITY VEHICLE: SMALL,1.3,3,A9,X,9.1,8.1,8.7,32,204
2026,CHEVROLET,TRAVERSE AWD,SPORT UTILITY VEHICLE: STANDARD,2.5,4,A8,X,12.1,9.9,11.1,25,260
2026,CHEVROLET,TRAX,STATION WAGON: SMALL,1.2,3,A6,X,8.5,7.6,8.1,35,190
2026,CHRYSLER,GRAND CARAVAN,MINIVAN,3.6,6,A9,X,12.4,8.4,10.6,27,249
2026,CHRYSLER,PACIFICA,MINIVAN,3.6,6,A9,X,12.4,8.4,10.6,27,249
2026,CHRYSLER,PACIFICA AWD,MINIVAN,3.6,6,A9,X,14.1,9.4,12,24,279
2026,DODGE,CHARGER R/T,FULL-SIZE,3,6,A8,X,14.1,9,11.8,24,276
2026,DODGE,CHARGER SCAT PACK,FULL-SIZE,3,6,A8,Z,14.5,10,12.5,23,292
2026,DODGE,DURANGO AWD,SPORT UTILITY VEHICLE: STANDARD,3.6,6,A8,X,13.5,9.9,11.9,24,279
2026,DODGE,DURANGO AWD,SPORT UTILITY VEHICLE: STANDARD,5.7,8,A8,X,17,11,14.3,20,336
2026,DODGE,DURANGO AWD SRT HELLCAT,SPORT UTILITY VEHICLE: STANDARD,6.2,8,A8,Z,20.5,13.8,17.4,16,410
2026,FERRARI,12CILINDRI,TWO-SEATER,6.5,12,AM8,Z,19.6,12.7,16.5,17,385
2026,FERRARI,12CILINDRI SPIDER,TWO-SEATER,6.5,12,AM8,Z,19.6,13.5,16.8,17,393
2026,FERRARI,F80,TWO-SEATER,2.9,6,AM8,Z,15.9,11.8,14.1,20,330
2026,FERRARI,PUROSANGUE,COMPACT,6.5,12,AM8,Z,22,15.3,19,15,442
2026,FERRARI,ROMA SPIDER,MINICOMPACT,3.9,8,AM8,Z,13.9,10.5,12.4,23,290
2026,FORD,BRONCO 4WD,SPORT UTILITY VEHICLE: SMALL,2.3,4,AS10,X,12.9,10.9,12,24,282
2026,FORD,BRONCO 4WD,SPORT UTILITY VEHICLE: SMALL,2.3,4,M7,X,12.9,11,12.1,23,281
2026,FORD,BRONCO 4WD,SPORT UTILITY VEHICLE: SMALL,2.7,6,AS10,X,14,13.6,13.8,20,325
2026,FORD,BRONCO BADLANDS 4WD,SPORT UTILITY VEHICLE: SMALL,2.3,4,AS10,X,14,12.4,13.3,21,312
2026,FORD,BRONCO BADLANDS 4WD,SPORT UTILITY VEHICLE: SMALL,2.3,4,M7,X,13.9,12.9,13.4,21,313
2026,FORD,BRONCO OUTER BANKS 4WD,SPORT UTILITY VEHICLE: STANDARD,2.7,6,AS10,X,12.7,11.7,12.2,23,287
2026,FORD,BRONCO RAPTOR 4WD,SPORT UTILITY VEHICLE: STANDARD,3,6,AS10,X,15.7,14.8,15.3,18,358
2026,FORD,BRONCO SASQUATCH 4WD,SPORT UTILITY VEHICLE: SMALL,2.3,4,AS10,X,13.8,12.4,13.2,21,309
2026,FORD,BRONCO SASQUATCH 4WD,SPORT UTILITY VEHICLE: SMALL,2.3,4,M7,X,13.8,12.4,13.2,21,306
2026,FORD,BRONCO SPORT 4WD,SPORT UTILITY VEHICLE: SMALL,1.5,3,A8,X,9.3,7.8,8.6,33,201
2026,FORD,BRONCO SPORT 4WD,SPORT UTILITY VEHICLE: SMALL,2,4,AS8,X,11.2,8.7,10.1,28,237
2026,FORD,BRONCO SPORT SASQUATCH,SPORT UTILITY VEHICLE: SMALL,1.5,3,A8,X,10.2,9,9.7,29,227
2026,FORD,ESCAPE,SPORT UTILITY VEHICLE: SMALL,1.5,3,A8,X,8.9,6.9,8,35,185
2026,FORD,ESCAPE AWD,SPORT UTILITY VEHICLE: SMALL,1.5,3,A8,X,9.2,7.4,8.4,34,197
2026,FORD,ESCAPE AWD,SPORT UTILITY VEHICLE: SMALL,2,4,A8,X,10.2,7.6,9.1,31,213
2026,FORD,ESCAPE HYBRID AWD,SPORT UTILITY VEHICLE: SMALL,2.5,4,AV,X,5.6,6.5,6,47,140
2026,FORD,EXPEDITION 4WD,SPORT UTILITY VEHICLE: STANDARD,3.5,6,AS10,X,15.3,10.8,13.3,21,312
2026,FORD,EXPLORER AWD,SPORT UTILITY VEHICLE: STANDARD,2.3,4,A10,X,11.9,8.7,10.4,27,245
2026,FORD,EXPLORER AWD,SPORT UTILITY VEHICLE: STANDARD,3,6,AS10,X,13.3,9.6,11.6,24,273
2026,FORD,EXPLORER TREMOR AWD,SPORT UTILITY VEHICLE: STANDARD,2.3,4,AS10,X,12.1,10.1,11.2,25,263
2026,FORD,EXPLORER TREMOR AWD,SPORT UTILITY VEHICLE: STANDARD,3,6,AS10,X,13.8,10.6,12.4,23,290
2026,FORD,F-150,PICKUP TRUCK: STANDARD,2.7,6,AS10,X,12.7,9.5,11.2,25,264
2026,FORD,F-150,PICKUP TRUCK: STANDARD,3.5,6,AS10,X,14.2,9.7,12.2,23,286
2026,FORD,F-150,PICKUP TRUCK: STANDARD,5,8,AS10,X,14.4,10,12.4,23,293
2026,FORD,F-150 4X4,PICKUP TRUCK: STANDARD,2.7,6,AS10,X,13.1,10.2,11.8,24,277
2026,FORD,F-150 4X4,PICKUP TRUCK: STANDARD,3.5,6,AS10,X,14,10.2,12.3,23,288
2026,FORD,F-150 4X4,PICKUP TRUCK: STANDARD,5,8,AS10,X,14.8,10.4,12.8,22,301
2026,FORD,F-150 HYBRID 4X4,PICKUP TRUCK: STANDARD,3.5,6,AS10,X,11.3,10,10.7,26,251
2026,FORD,F-150 RAPTOR 4X4,PICKUP TRUCK: STANDARD,3.5,6,AS10,X,16.7,12.8,15,19,352
2026,FORD,F-150 RAPTOR R 4X4,PICKUP TRUCK: STANDARD,5.2,8,AS10,Z,22.8,15.9,19.7,14,460
2026,FORD,F-150 TREMOR 4X4,PICKUP TRUCK: STANDARD,3.5,6,AS10,X,14.3,11.2,12.9,22,303
2026,FORD,F-150 TREMOR 4X4,PICKUP TRUCK: STANDARD,5,8,AS10,X,15.2,11.9,13.7,21,322
2026,FORD,MAVERICK AWD,PICKUP TRUCK: SMALL,2,4,A8,X,10.6,7.8,9.4,30,219
2026,FORD,MAVERICK LOBO AWD,PICKUP TRUCK: SMALL,2,4,AS8,X,11.2,7.8,9.7,29,227
2026,FORD,MAVERICK TREMOR AWD,PICKUP TRUCK: SMALL,2,4,AS8,X,11.2,8.7,10.1,28,237
2026,FORD,MAVERICK HYBRID,PICKUP TRUCK: SMALL,2.5,4,AV,X,5.6,6.8,6.2,46,146
2026,FORD,MAVERICK HYBRID AWD,PICKUP TRUCK: SMALL,2.5,4,AV,X,5.9,7,6.4,44,150
2026,FORD,MAVERICK LARIAT HYBRID AWD,PICKUP TRUCK: SMALL,2.5,4,AV,X,6,7.3,6.6,43,154
2026,FORD,MUSTANG,SUBCOMPACT,2.3,4,A10,X,10.7,7.1,9.1,31,213
2026,FORD,MUSTANG,SUBCOMPACT,5,8,AS10,X,15.5,10,13,22,306
2026,FORD,MUSTANG,SUBCOMPACT,5,8,M6,X,15.7,10.6,13.4,21,314
2026,FORD,MUSTANG DARK HORSE,SUBCOMPACT,5,8,AS10,X,16.5,10.9,13.9,20,326
2026,FORD,MUSTANG DARK HORSE,SUBCOMPACT,5,8,M6,X,17,10.8,14.2,20,331
2026,FORD,MUSTANG GTD,SUBCOMPACT,5.2,8,A8,Z,23.5,13.9,19.2,15,451
2026,FORD,RANGER 4WD,PICKUP TRUCK: STANDARD,2.3,4,AS10,X,12.2,9.9,11.2,25,262
2026,FORD,RANGER 4WD,PICKUP TRUCK: STANDARD,2.7,6,AS10,X,13,10,11.6,24,273
2026,FORD,RANGER RAPTOR 4WD,PICKUP TRUCK: STANDARD,3,6,AS10,X,14.9,12.8,14,20,326
2026,GENESIS,G70 AWD,COMPACT,2.5,4,AS8,Z,11.7,8.4,10.2,28,239
2026,GENESIS,G70 AWD,COMPACT,3.3,6,AS8,Z,14.3,10.7,12.7,22,298
2026,GENESIS,G80 AWD,FULL-SIZE,2.5,4,AS8,Z,12.1,8.4,10.4,27,245
2026,GENESIS,G80 AWD,FULL-SIZE,3.5,6,AS8,Z,15.3,10,12.9,22,303
2026,GENESIS,G90,FULL-SIZE,3.5,6,AS8,Z,13.6,9.6,11.8,24,274
2026,GENESIS,GV70 AWD,SPORT UTILITY VEHICLE: SMALL,2.5,4,AS8,Z,12,8.9,10.6,27,249
2026,GENESIS,GV70 AWD,SPORT UTILITY VEHICLE: SMALL,3.5,6,AS8,Z,13.1,9.4,11.5,25,269
2026,GENESIS,GV80,SPORT UTILITY VEHICLE: STANDARD,3.5,6,AS8,Z,13.7,10.9,12.4,23,290
2026,GENESIS,GV80 AWD,SPORT UTILITY VEHICLE: STANDARD,2.5,4,AS8,Z,12.5,9.8,11.3,25,265
2026,GENESIS,GV80 AWD,SPORT UTILITY VEHICLE: STANDARD,3.5,6,AS8,Z,14.3,10.5,12.6,22,295
2026,GMC,ACADIA AWD,SPORT UTILITY VEHICLE: STANDARD,2.5,4,A8,X,12.1,10.1,11.2,25,263
2026,GMC,CANYON,PICKUP TRUCK: STANDARD,2.7,4,A8,X,12.3,10.2,11.4,25,267
2026,GMC,CANYON 4WD,PICKUP TRUCK: STANDARD,2.7,4,A8,X,13.6,10.7,12.3,23,287
2026,GMC,CANYON AT4X 4WD,PICKUP TRUCK: STANDARD,2.7,4,A8,X,14.1,13.8,14,20,328
2026,GMC,CANYON AT4X AEV 4WD,PICKUP TRUCK: STANDARD,2.7,4,A8,X,14.8,15.1,14.9,19,350
2026,GMC,SIERRA,PICKUP TRUCK: STANDARD,2.7,4,A8,X,13.5,11.3,12.5,23,293
2026,GMC,SIERRA,PICKUP TRUCK: STANDARD,3,6,A10,D,10.1,8.3,9.3,30,250
2026,GMC,SIERRA,PICKUP TRUCK: STANDARD,5.3,8,A10,X,14.9,12,13.6,21,319
2026,GMC,SIERRA 4WD,PICKUP TRUCK: STANDARD,2.7,4,A8,X,14.2,12.9,13.6,21,319
2026,GMC,SIERRA 4WD MUD TERRAIN TIRE,PICKUP TRUCK: STANDARD,2.7,4,A8,X,14.6,13.6,14.2,20,332
2026,GMC,SIERRA 4WD,PICKUP TRUCK: STANDARD,3,6,A10,D,10.7,9.3,10.1,28,270
2026,GMC,SIERRA 4WD MUD TERRAIN TIRE,PICKUP TRUCK: STANDARD,3,6,A10,D,11,9.9,10.5,27,283
2026,GMC,SIERRA 4WD,PICKUP TRUCK: STANDARD,5.3,8,A10,X,15.9,13,14.6,19,341
2026,GMC,SIERRA 4WD FFV,PICKUP TRUCK: STANDARD,5.3,8,A10,X,15.2,12.2,13.9,20,326
2026,GMC,SIERRA 4WD FFV,PICKUP TRUCK: STANDARD,5.3,8,A10,E,21.3,16.6,19.2,15,320
2026,GMC,SIERRA 4WD MUD TERRAIN TIRE,PICKUP TRUCK: STANDARD,5.3,8,A10,X,16.4,13.5,15.1,19,354
2026,GMC,SIERRA 4WD,PICKUP TRUCK: STANDARD,6.2,8,A10,Z,16,12.1,14.3,20,335
2026,GMC,SIERRA 4WD MUD TERRAIN TIRE,PICKUP TRUCK: STANDARD,6.2,8,A10,Z,17.1,14,15.7,18,368
2026,GMC,SIERRA 4WD AT4X,PICKUP TRUCK: STANDARD,3,6,A10,D,12.2,12,12.1,23,326
2026,GMC,SIERRA 4WD AT4X,PICKUP TRUCK: STANDARD,6.2,8,A10,Z,17.1,14.7,16,18,377
2026,GMC,TERRAIN,SPORT UTILITY VEHICLE: SMALL,1.5,4,AV,X,9.2,8.3,8.8,32,207
2026,GMC,TERRAIN AWD,SPORT UTILITY VEHICLE: SMALL,1.5,4,A8,X,9.9,8.5,9.3,30,219
2026,GMC,TERRAIN AWD AT4/DENALI,SPORT UTILITY VEHICLE: SMALL,1.5,4,A8,X,9.9,8.9,9.5,30,222
2026,GMC,YUKON,SPORT UTILITY VEHICLE: STANDARD,3,6,A10,D,11.2,8.9,10.2,28,274
2026,GMC,YUKON,SPORT UTILITY VEHICLE: STANDARD,5.3,8,A10,X,15.7,12,14,20,329
2026,GMC,YUKON 4WD,SPORT UTILITY VEHICLE: STANDARD,3,6,A10,D,11.5,9.7,10.7,26,287
2026,GMC,YUKON 4WD,SPORT UTILITY VEHICLE: STANDARD,5.3,8,A10,X,15.8,12.2,14.2,20,333
2026,GMC,YUKON 4WD,SPORT UTILITY VEHICLE: STANDARD,6.2,8,A10,Z,16.6,13,15,19,352
2026,GMC,YUKON XL,SPORT UTILITY VEHICLE: STANDARD,3,6,A10,D,11.2,8.9,10.2,28,274
2026,GMC,YUKON XL,SPORT UTILITY VEHICLE: STANDARD,5.3,8,A10,X,15.7,12,14,20,329
2026,GMC,YUKON XL 4WD,SPORT UTILITY VEHICLE: STANDARD,3,6,A10,D,11.5,9.7,10.7,26,287
2026,GMC,YUKON XL 4WD,SPORT UTILITY VEHICLE: STANDARD,5.3,8,A10,X,17.1,12.6,15.1,19,353
2026,GMC,YUKON XL 4WD,SPORT UTILITY VEHICLE: STANDARD,6.2,8,A10,Z,16.6,13,15,19,352
2026,HONDA,CIVIC HATCHBACK,FULL-SIZE,2,4,AV,X,7.7,6.1,7,40,164
2026,HONDA,CIVIC HATCHBACK HYBRID,FULL-SIZE,2,4,AV,X,4.8,5.4,5,56,119
2026,HONDA,CIVIC SEDAN,MID-SIZE,2,4,AV,X,7.4,5.8,6.7,42,156
2026,HONDA,CIVIC SEDAN,MID-SIZE,2,4,AV7,X,7.6,6,6.9,41,161
2026,HONDA,CIVIC SEDAN HYBRID,MID-SIZE,2,4,AV,X,4.7,5.1,4.9,58,114
2026,HONDA,CIVIC SEDAN SI,MID-SIZE,1.5,4,M6,Z,8.7,6.4,7.7,37,180
2026,HONDA,CR-V,STATION WAGON: MID-SIZE,1.5,4,AV,X,8.4,7.1,7.8,36,183
2026,HONDA,CR-V AWD,SPORT UTILITY VEHICLE: SMALL,1.5,4,AV,X,9.1,7.6,8.4,34,197
2026,HONDA,CR-V HYBRID AWD,SPORT UTILITY VEHICLE: SMALL,2,4,AV,X,6,6.9,6.4,44,151
2026,HONDA,CR-V HYBRID AWD TRAILSPORT,SPORT UTILITY VEHICLE: SMALL,2,4,AV,X,6.3,7.2,6.7,42,158
2026,HONDA,HR-V,STATION WAGON: SMALL,2,4,AV,X,9.1,7.4,8.3,34,194
2026,HONDA,HR-V AWD,STATION WAGON: SMALL,2,4,AV,X,9.5,7.8,8.7,32,204
2026,HONDA,ODYSSEY,MINIVAN,3.5,6,AS10,X,12.2,8.5,10.6,27,248
2026,HONDA,PASSPORT AWD,SPORT UTILITY VEHICLE: SMALL,3.5,6,AS10,X,12.1,9.2,10.8,26,254
2026,HONDA,PASSPORT AWD TRAILSPORT,SPORT UTILITY VEHICLE: SMALL,3.5,6,AS10,X,12.6,9.9,11.4,25,269
2026,HONDA,PRELUDE,SUBCOMPACT,2,4,AV,X,5,5.7,5.4,52,127
2026,HONDA,RIDGELINE AWD,PICKUP TRUCK: STANDARD,3.5,6,AS9,X,12.8,9.9,11.5,25,271
2026,HONDA,RIDGELINE AWD TRAILSPORT,PICKUP TRUCK: STANDARD,3.5,6,AS9,X,12.8,10.2,11.6,24,273
2026,HYUNDAI,ELANTRA,MID-SIZE,1.6,4,AM7,X,8.4,6.7,7.6,37,179
2026,HYUNDAI,ELANTRA,MID-SIZE,2,4,AV1,X,7.8,5.9,6.9,41,162
2026,HYUNDAI,ELANTRA (STOP/START),MID-SIZE,2,4,AV1,X,7.5,5.9,6.8,42,158
2026,HYUNDAI,ELANTRA HYBRID,MID-SIZE,1.6,4,AM6,X,4.8,4.5,4.7,60,110
2026,HYUNDAI,ELANTRA N,MID-SIZE,2,4,AM8,Z,11.8,8.6,10.4,27,244
2026,HYUNDAI,ELANTRA N,MID-SIZE,2,4,M6,Z,11,8.1,9.7,29,227
2026,HYUNDAI,KONA,SPORT UTILITY VEHICLE: SMALL,2,4,AV1,X,8.4,6.7,7.6,37,179
2026,HYUNDAI,KONA (STOP/START),SPORT UTILITY VEHICLE: SMALL,2,4,AV1,X,8.1,6.8,7.5,38,177
2026,HYUNDAI,KONA AWD,SPORT UTILITY VEHICLE: SMALL,1.6,4,AS8,X,9.4,8.4,9,31,211
2026,HYUNDAI,KONA AWD,SPORT UTILITY VEHICLE: SMALL,2,4,AV1,X,9,8.1,8.6,33,201
2026,HYUNDAI,KONA AWD (STOP/START),SPORT UTILITY VEHICLE: SMALL,2,4,AV1,X,8.8,8.1,8.5,33,198
2026,HYUNDAI,PALISADE AWD,SPORT UTILITY VEHICLE: STANDARD,3.5,6,AS8,X,13.4,10,11.9,24,279
2026,HYUNDAI,PALISADE AWD XRT PRO,SPORT UTILITY VEHICLE: STANDARD,3.5,6,AS8,X,14.3,10.6,12.7,22,298
2026,HYUNDAI,PALISADE HYBRID AWD,SPORT UTILITY VEHICLE: STANDARD,2.5,4,AM6,X,8.3,7.9,8.1,35,189
2026,HYUNDAI,SANTA CRUZ AWD,SPORT UTILITY VEHICLE: SMALL,2.5,4,AS8,X,13.1,9.3,11.4,25,267
2026,HYUNDAI,SANTA CRUZ AWD XRT,SPORT UTILITY VEHICLE: SMALL,2.5,4,AS8,X,13.1,9.5,11.5,25,270
2026,HYUNDAI,SANTA FE AWD,SPORT UTILITY VEHICLE: SMALL,2.5,4,AS8,X,12.4,8.7,10.7,26,251
2026,HYUNDAI,SANTA FE AWD XRT,SPORT UTILITY VEHICLE: SMALL,2.5,4,AS8,X,12.7,9.3,11.2,25,262
2026,HYUNDAI,SANTA FE HYBRID AWD,SPORT UTILITY VEHICLE: SMALL,1.6,4,AM6,X,6.9,7,6.9,41,163
2026,HYUNDAI,SONATA,FULL-SIZE,2.5,4,AM8,X,10.1,7.3,8.8,32,207
2026,HYUNDAI,SONATA AWD,FULL-SIZE,2.5,4,AS8,X,9.9,7,8.6,33,203
2026,HYUNDAI,SONATA HYBRID,FULL-SIZE,2,4,AM6,X,5.3,4.6,5,56,117
2026,HYUNDAI,TUCSON AWD,SPORT UTILITY VEHICLE: SMALL,2.5,4,AS8,X,9.7,7.7,8.8,32,207
2026,HYUNDAI,TUCSON HYBRID,SPORT UTILITY VEHICLE: SMALL,1.6,4,AM6,X,6.7,6.7,6.7,42,157
2026,HYUNDAI,VENUE,SPORT UTILITY VEHICLE: SMALL,1.6,4,AV1,X,7.9,6.9,7.5,38,177
2026,INEOS,GRENADIER STATION WAGON,SPORT UTILITY VEHICLE: STANDARD,3,6,A8,Z,16,13.7,15,19,349
2026,INEOS,GRENADIER BLACK EDITION,SPORT UTILITY VEHICLE: STANDARD,3,6,A8,Z,16.9,14.8,16,18,372
2026,INEOS,GRENADIER FIELDMASTER EDITION,SPORT UTILITY VEHICLE: STANDARD,3,6,A8,Z,16,13.7,15,19,349
2026,INEOS,GRENADIER TRIALMASTER EDITION,SPORT UTILITY VEHICLE: STANDARD,3,6,A8,Z,16.9,14.8,16,18,372
2026,INEOS,GRENADIER QUARTERMASTER,PICKUP TRUCK: STANDARD,3,6,A8,Z,16.9,14.8,16,18,372
2026,INEOS,GRENADIER QUARTERMASTER BLACK,PICKUP TRUCK: STANDARD,3,6,A8,Z,16.9,14.8,16,18,372
2026,INEOS,GRENADIER QUARTERMASTER FIELDMASTER,PICKUP TRUCK: STANDARD,3,6,A8,Z,16.9,14.8,16,18,372
2026,INEOS,GRENADIER QUARTERMASTER TRIALMASTER,PICKUP TRUCK: STANDARD,3,6,A8,Z,16.9,14.8,16,18,372
2026,INFINITI,QX60 AWD,SPORT UTILITY VEHICLE: STANDARD,2,4,AS9,Z,10.9,8.7,9.9,29,233
2026,INFINITI,QX80 4WD,SPORT UTILITY VEHICLE: STANDARD,3.5,6,AS9,Z,15,12.3,13.8,20,325
2026,JAGUAR,F-PACE P250,SPORT UTILITY VEHICLE: SMALL,2,4,AS8,Z,10.8,8.8,9.9,29,234
2026,JAGUAR,F-PACE P400,SPORT UTILITY VEHICLE: SMALL,3,6,AS8,Z,12.5,9.4,11.1,25,260
2026,JAGUAR,F-PACE P550 SVR,SPORT UTILITY VEHICLE: SMALL,5,8,AS8,Z,15.7,11.4,13.8,20,323
2026,JEEP,CHEROKEE HYBRID,SPORT UTILITY VEHICLE: SMALL,1.6,4,AV,X,6.1,6.7,6.3,45,150
2026,JEEP,COMPASS 4X4,SPORT UTILITY VEHICLE: SMALL,2,4,A8,X,10,7.5,8.9,32,208
2026,JEEP,GLADIATOR 4X4,PICKUP TRUCK: STANDARD,3.6,6,A8,X,13.7,10.8,12.4,23,291
2026,JEEP,GRAND CHEROKEE 4X4,SPORT UTILITY VEHICLE: STANDARD,2,4,A8,X,11.5,9.2,10.4,27,245
2026,JEEP,GRAND CHEROKEE L 4X4,SPORT UTILITY VEHICLE: STANDARD,2,4,A8,X,11.7,9.4,10.7,26,252
2026,JEEP,GRAND CHEROKEE 4X4 CLASSIC,SPORT UTILITY VEHICLE: STANDARD,3.6,6,A8,X,12.3,9.2,10.9,26,256
2026,JEEP,GRAND CHEROKEE L 4X4 CLASSIC,SPORT UTILITY VEHICLE: STANDARD,3.6,6,A8,X,13,9.4,11.3,25,266
2026,JEEP,GRAND WAGONEER 4X4,SPORT UTILITY VEHICLE: STANDARD,3,6,A8,X,14.2,10.4,12.5,23,292
2026,JEEP,GRAND WAGONEER L 4X4,SPORT UTILITY VEHICLE: STANDARD,3,6,A8,X,14.9,10.7,13,22,305
2026,JEEP,WRANGLER JL 4X4,SPORT UTILITY VEHICLE: SMALL,2,4,A8,X,11.6,10.2,11,26,258
2026,JEEP,WRANGLER JL 4X4,SPORT UTILITY VEHICLE: SMALL,3.6,6,M6,X,13.9,10.2,12.2,23,287
2026,JEEP,WRANGLER JL UNLIMITED 4X4,SPORT UTILITY VEHICLE: SMALL,2,4,A8,X,11.9,10.5,11.3,25,265
2026,JEEP,WRANGLER JL UNLIMITED 4X4,SPORT UTILITY VEHICLE: SMALL,3.6,6,A8,X,13.4,10.1,11.9,24,280
2026,JEEP,WRANGLER JL UNLIMITED 4X4,SPORT UTILITY VEHICLE: SMALL,3.6,6,M6,X,14.3,10.5,12.6,22,296
2026,JEEP,WRANGLER JL UNLIMITED 4X4 392,SPORT UTILITY VEHICLE: SMALL,6.4,8,A8,Z,18.7,14.5,16.8,17,393
2026,KIA,CARNIVAL,MINIVAN,3.5,6,AS8,X,13,9.3,11.3,25,266
2026,KIA,CARNIVAL HYBRID,MINIVAN,1.6,4,AM6,X,6.9,7.5,7.2,39,169
2026,KIA,NIRO,SPORT UTILITY VEHICLE: SMALL,1.6,4,AM6,X,4.5,5.2,4.8,59,112
2026,KIA,NIRO FE,SPORT UTILITY VEHICLE: SMALL,1.6,4,AM6,X,4.5,4.4,4.4,64,104
2026,KIA,SELTOS,SPORT UTILITY VEHICLE: SMALL,2,4,AV8,X,8.3,6.8,7.6,37,179
2026,KIA,SELTOS AWD,SPORT UTILITY VEHICLE: SMALL,1.6,4,AS8,X,9.7,8.6,9.2,31,217
2026,KIA,SELTOS AWD,SPORT UTILITY VEHICLE: SMALL,2,4,AV8,X,8.8,7.5,8.2,34,192
2026,KIA,SORENTO AWD,SPORT UTILITY VEHICLE: SMALL,2.5,4,AM8,X,11.5,8.7,10.3,27,241
2026,KIA,SORENTO AWD,SPORT UTILITY VEHICLE: SMALL,2.5,4,AS8,X,10.2,8.5,9.4,30,222
2026,KIA,SORENTO HYBRID AWD,SPORT UTILITY VEHICLE: SMALL,1.6,4,AM6,X,7.2,6.7,7,40,164
2026,KIA,SPORTAGE,SPORT UTILITY VEHICLE: SMALL,2.5,4,AS8,X,9.3,7,8.3,34,194
2026,KIA,SPORTAGE AWD,SPORT UTILITY VEHICLE: SMALL,2.5,4,AS8,X,9.9,7.8,8.9,32,210
2026,KIA,SPORTAGE HYBRID AWD,SPORT UTILITY VEHICLE: SMALL,1.6,4,AM6,X,6.7,6.6,6.7,42,156
2026,LAND ROVER,DEFENDER 90 P300,SPORT UTILITY VEHICLE: STANDARD,2,4,AS8,Z,13.1,11.4,12.3,23,289
2026,LAND ROVER,DEFENDER 90 P525,SPORT UTILITY VEHICLE: STANDARD,5,8,AS8,Z,16.2,12.4,14.5,19,342
2026,LAND ROVER,DEFENDER 110 P300,SPORT UTILITY VEHICLE: STANDARD,2,4,AS8,Z,13.1,10.6,12,24,281
2026,LAND ROVER,DEFENDER 110 P500/P525,SPORT UTILITY VEHICLE: STANDARD,5,8,AS8,Z,16.9,12.8,15.1,19,357
2026,LAND ROVER,DEFENDER 110 OCTA P635,SPORT UTILITY VEHICLE: STANDARD,4.4,8,AS8,Z,15.8,12.1,14.2,20,332
2026,LAND ROVER,DEFENDER 130 P500,SPORT UTILITY VEHICLE: STANDARD,5,8,AS8,Z,17,12.5,14.9,19,353
2026,LAND ROVER,DISCOVERY P300,SPORT UTILITY VEHICLE: STANDARD,2,4,AS8,Z,12.2,9.9,11.2,25,262
2026,LAND ROVER,DISCOVERY P360,SPORT UTILITY VEHICLE: STANDARD,3,6,AS8,Z,13.6,10.3,12.1,23,284
2026,LAND ROVER,DISCOVERY SPORT P250,SPORT UTILITY VEHICLE: SMALL,2,4,AS9,Z,12.7,10,11.5,25,271
2026,LAND ROVER,RANGE ROVER P530,SPORT UTILITY VEHICLE: STANDARD,4.4,8,AS8,Z,14.5,10.2,12.6,22,296
2026,LAND ROVER,RANGE ROVER P530 LWB,SPORT UTILITY VEHICLE: STANDARD,4.4,8,AS8,Z,15.2,10.8,13.2,21,311
2026,LAND ROVER,RANGE ROVER SV P615,SPORT UTILITY VEHICLE: STANDARD,4.4,8,AS8,Z,15,10.3,12.9,22,303
2026,LAND ROVER,RANGE ROVER SV P615 LWB,SPORT UTILITY VEHICLE: STANDARD,4.4,8,AS8,Z,15.2,10.8,13.2,21,311
2026,LAND ROVER,RANGE ROVER SPORT P530,SPORT UTILITY VEHICLE: STANDARD,4.4,8,AS8,Z,14.5,10.2,12.6,22,296
2026,LAND ROVER,RANGE ROVER SPORT SV P635,SPORT UTILITY VEHICLE: STANDARD,4.4,8,AS8,Z,15,10.8,13.1,22,309
2026,LAND ROVER,RANGE ROVER EVOQUE P250,SPORT UTILITY VEHICLE: SMALL,2,4,AS9,Z,11.9,8.8,10.5,27,247
2026,LAND ROVER,RANGE ROVER VELAR P250,SPORT UTILITY VEHICLE: SMALL,2,4,AS8,Z,10.9,8.9,10,28,237
2026,LAND ROVER,RANGE ROVER VELAR P340,SPORT UTILITY VEHICLE: SMALL,3,6,AS8,Z,12.1,9,10.7,26,253
2026,LAND ROVER,RANGE ROVER VELAR P400,SPORT UTILITY VEHICLE: SMALL,3,6,AS8,Z,12.6,9.4,11.1,25,261
2026,LEXUS,GX 550,SPORT UTILITY VEHICLE: STANDARD,3.4,6,AS10,Z,15.3,11.2,13.5,21,315
2026,LEXUS,IS 350 AWD,COMPACT,3.5,6,AS6,Z,12.4,8.9,10.8,26,254
2026,LEXUS,LC 500,SUBCOMPACT,5,8,AS10,Z,15.2,9.7,12.7,22,299
2026,LEXUS,LC 500 CONVERTIBLE,MINICOMPACT,5,8,AS10,Z,16,9.5,13,22,304
2026,LEXUS,LS 500 AWD,MID-SIZE,3.4,6,AS10,Z,13.8,8.7,11.2,25,271
2026,LEXUS,LX 600,SPORT UTILITY VEHICLE: STANDARD,3.4,6,AS10,Z,14.2,10.8,12.7,22,298
2026,LEXUS,LX 700H,SPORT UTILITY VEHICLE: STANDARD,3.4,6,AS10,Z,12.5,10.7,11.7,24,272
2026,LEXUS,NX 350 AWD,SPORT UTILITY VEHICLE: SMALL,2.4,4,AS8,Z,10.9,8.5,9.8,29,228
2026,LEXUS,NX 350 AWD F SPORT,SPORT UTILITY VEHICLE: SMALL,2.4,4,AS8,Z,11.2,8.3,9.7,29,230
2026,LEXUS,NX 350H AWD,SPORT UTILITY VEHICLE: SMALL,2.5,4,AV6,Z,5.7,6.4,6,47,141
2026,LEXUS,RX 350 AWD,SPORT UTILITY VEHICLE: SMALL,2.4,4,AS8,Z,11.2,8.3,9.9,29,230
2026,LEXUS,RX 350H AWD,SPORT UTILITY VEHICLE: SMALL,2.5,4,AV6,Z,6.3,6.8,6.5,43,151
2026,LEXUS,RX 500H AWD,SPORT UTILITY VEHICLE: SMALL,2.4,4,AS6,Z,8.7,8.4,8.6,33,199
2026,LEXUS,TX 350 AWD,SPORT UTILITY VEHICLE: STANDARD,2.4,4,AS8,Z,11.5,8.9,10.3,27,241
2026,LEXUS,TX 500H AWD,SPORT UTILITY VEHICLE: STANDARD,2.4,4,AS6,Z,8.7,8.4,8.6,33,200
2026,LEXUS,UX 300H AWD,COMPACT,2,4,AV,X,5.3,5.9,5.6,50,130
2026,LEXUS,UX 300H AWD,COMPACT,2,4,AV6,X,5.3,5.9,5.6,50,130
2026,LINCOLN,AVIATOR AWD,SPORT UTILITY VEHICLE: STANDARD,3,6,AS10,X,13.8,9.5,11.9,24,278
2026,LINCOLN,CORSAIR AWD,SPORT UTILITY VEHICLE: SMALL,2,4,AS8,X,11.3,8.3,9.9,29,234
2026,LINCOLN,NAUTILUS AWD,SPORT UTILITY VEHICLE: SMALL,2,4,A8,X,11.3,8.1,9.9,29,232
2026,LINCOLN,NAUTILUS HYBRID AWD,SPORT UTILITY VEHICLE: SMALL,2,4,AV,X,8.2,7.5,7.9,36,183
2026,LINCOLN,NAVIGATOR 4WD,SPORT UTILITY VEHICLE: STANDARD,3.5,6,AS10,X,15.7,10.9,13.6,21,318
2026,MAZDA,CX-30 4WD,SPORT UTILITY VEHICLE: SMALL,2.5,4,AS6,X,9.6,7.5,8.7,32,204
2026,MAZDA,CX-30 TURBO 4WD,SPORT UTILITY VEHICLE: SMALL,2.5,4,AS6,X,10.5,7.9,9.3,30,220
2026,MAZDA,CX-5 4WD (SIL),SPORT UTILITY VEHICLE: SMALL,2.5,4,AS6,X,9.9,7.9,9,31,212
2026,MAZDA,CX-50 4WD,SPORT UTILITY VEHICLE: SMALL,2.5,4,AS6,X,10.2,8.2,9.3,30,218
2026,MAZDA,CX-50 TURBO 4WD,SPORT UTILITY VEHICLE: SMALL,2.5,4,AS6,X,10.4,8.2,9.4,30,220
2026,MAZDA,CX-50 HYBRID 4WD,SPORT UTILITY VEHICLE: SMALL,2.5,4,AV,X,6.1,6.4,6.2,46,145
2026,MAZDA,CX-70 4WD,SPORT UTILITY VEHICLE: STANDARD,3.3,6,AS8,X,9.9,8.4,9.3,30,216
2026,MAZDA,CX-70 4WD (HIGH POWER),SPORT UTILITY VEHICLE: STANDARD,3.3,6,AS8,Z,10.3,8.5,9.5,30,222
2026,MAZDA,CX-90 4WD,SPORT UTILITY VEHICLE: STANDARD,3.3,6,AS8,X,10.1,8.5,9.4,30,221
2026,MAZDA,CX-90 4WD (HIGH POWER),SPORT UTILITY VEHICLE: STANDARD,3.3,6,AS8,Z,10.3,8.5,9.5,30,222
2026,MAZDA,MAZDA3 4-DOOR,COMPACT,2.5,4,AS6,X,8.8,6.6,7.8,36,183
2026,MAZDA,MAZDA3 4-DOOR 4WD,COMPACT,2.5,4,AS6,X,9.1,6.8,8.1,35,190
2026,MAZDA,MAZDA3 4-DOOR TURBO 4WD,COMPACT,2.5,4,AS6,X,10.1,7.3,8.8,32,207
2026,MAZDA,MAZDA3 5-DOOR,MID-SIZE,2.5,4,AS6,X,8.9,6.8,7.9,36,186
2026,MAZDA,MAZDA3 5-DOOR (SIL),MID-SIZE,2.5,4,M6,X,9.5,6.9,8.3,34,195
2026,MAZDA,MAZDA3 5-DOOR 4WD,MID-SIZE,2.5,4,AS6,X,9.3,7,8.3,34,194
2026,MAZDA,MAZDA3 5-DOOR TURBO 4WD,MID-SIZE,2.5,4,AS6,X,10.1,7.5,8.9,32,209
2026,MAZDA,MX-5,TWO-SEATER,2,4,AS6,Z,9,6.7,8,35,187
2026,MAZDA,MX-5 (SIL),TWO-SEATER,2,4,M6,Z,9,7,8.1,35,189
2026,MERCEDES-BENZ,AMG C 43 4MATIC SEDAN,COMPACT,2,4,A9,Z,12.5,8.8,10.8,26,252
2026,MERCEDES-BENZ,AMG CLA 35 4MATIC COUPE,COMPACT,2,4,AM8,Z,10.8,8.1,9.6,29,224
2026,MERCEDES-BENZ,AMG CLA 45 S 4MATIC+ COUPE,COMPACT,2,4,AM8,Z,11.7,8.4,10.2,28,236
2026,MERCEDES-BENZ,AMG CLE 53 4MATIC CABRIOLET,SUBCOMPACT,3,6,A9,Z,12.1,9.2,10.8,26,253
2026,MERCEDES-BENZ,AMG CLE 53 4MATIC COUPE,SUBCOMPACT,3,6,A9,Z,11.7,8.7,10.4,27,243
2026,MERCEDES-BENZ,AMG G 63 SUV,SPORT UTILITY VEHICLE: STANDARD,4,8,A9,Z,17.4,14.7,16.2,17,383
2026,MERCEDES-BENZ,AMG GLA 35 4MATIC COUPE,STATION WAGON: SMALL,2,4,AM8,Z,10.5,7.9,9.3,30,218
2026,MERCEDES-BENZ,AMG GLC 43 4MATIC COUPE,STATION WAGON: SMALL,2,4,A9,Z,12.3,9.2,10.9,26,256
2026,MERCEDES-BENZ,AMG GLC 43 4MATIC+ SUV,STATION WAGON: SMALL,2,4,A9,Z,12.1,9,10.8,26,252
2026,MERCEDES-BENZ,AMG GLE 53 4MATIC+ COUPE,SPORT UTILITY VEHICLE: STANDARD,3,6,A9,Z,13.2,10.7,12.1,23,282
2026,MERCEDES-BENZ,AMG GLE 53 4MATIC+ SUV,SPORT UTILITY VEHICLE: STANDARD,3,6,A9,Z,12.9,10.2,11.7,24,273
2026,MERCEDES-BENZ,AMG GLE 63 S 4MATIC+ COUPE,SPORT UTILITY VEHICLE: STANDARD,4,8,A9,Z,15.8,11.4,13.8,20,325
2026,MERCEDES-BENZ,AMG GLE 63 S 4MATIC+ SUV,SPORT UTILITY VEHICLE: STANDARD,4,8,A9,Z,16.1,11.5,14,20,328
2026,MERCEDES-BENZ,AMG GLS 63 4MATIC+ SUV,SPORT UTILITY VEHICLE: STANDARD,4,8,A9,Z,16.2,11.7,14.2,20,334
2026,MERCEDES-BENZ,AMG GT 43 COUPE,SUBCOMPACT,2,4,A9,Z,12.4,8.8,10.8,26,252
2026,MERCEDES-BENZ,AMG GT 53 4MATIC+ 4-DOOR COUPE,STATION WAGON: SMALL,3,6,A9,Z,12.3,10,11.3,25,263
2026,MERCEDES-BENZ,AMG GT 55 4MATIC+ COUPE,SUBCOMPACT,4,8,A9,Z,17.4,11.5,14.8,19,346
2026,MERCEDES-BENZ,AMG GT 63 4MATIC+ 4-DOOR COUPE,STATION WAGON: SMALL,4,8,A9,Z,15.3,11.3,13.5,21,318
2026,MERCEDES-BENZ,AMG GT 63 4MATIC+ COUPE,SUBCOMPACT,4,8,A9,Z,18,11.5,15.1,19,346
2026,MERCEDES-BENZ,AMG GT 63 PRO 4MATIC+ COUPE,SUBCOMPACT,4,8,A9,Z,17.4,11.5,14.8,19,346
2026,MERCEDES-BENZ,AMG SL 43 4MATIC ROADSTER,MINICOMPACT,2,4,A9,Z,12.2,8.8,10.7,26,249
2026,MERCEDES-BENZ,AMG SL 55 4MATIC+ ROADSTER,MINICOMPACT,4,8,A9,Z,17.3,11.4,14.7,19,343
2026,MERCEDES-BENZ,AMG SL 63 4MATIC+ ROADSTER,MINICOMPACT,4,8,A9,Z,17.3,11.4,14.7,19,347
2026,MERCEDES-BENZ,MAYBACH AMG SL 680 4MATIC ROADSTER,TWO-SEATER,4,8,A9,Z,17,11.3,14.5,19,347
2026,MERCEDES-BENZ,C 300 SEDAN,COMPACT,2,4,A9,Z,9.3,6.7,8.1,35,191
2026,MERCEDES-BENZ,C 300 4MATIC SEDAN,COMPACT,2,4,A9,Z,10,7.1,8.7,32,204
2026,MERCEDES-BENZ,CLA 250 COUPE,COMPACT,2,4,AM8,Z,9,6.5,7.9,36,185
2026,MERCEDES-BENZ,CLA 250 4MATIC COUPE,COMPACT,2,4,AM8,Z,9.3,6.9,8.2,34,193
2026,MERCEDES-BENZ,CLE 300 4MATIC CABRIOLET,SUBCOMPACT,2,4,A9,Z,9.9,7.1,8.6,33,202
2026,MERCEDES-BENZ,CLE 300 4MATIC COUPE,SUBCOMPACT,2,4,A9,Z,9.9,7.2,8.7,32,203
2026,MERCEDES-BENZ,CLE 450 4MATIC CABRIOLET,SUBCOMPACT,3,6,A9,Z,10.2,7.4,8.9,32,210
2026,MERCEDES-BENZ,CLE 450 4MATIC COUPE,SUBCOMPACT,3,6,A9,Z,10.4,7.3,9,31,211
2026,MERCEDES-BENZ,E 350 4MATIC SEDAN,MID-SIZE,2,4,A9,Z,10,7.2,8.7,32,203
2026,MERCEDES-BENZ,E 450 4MATIC SEDAN,MID-SIZE,3,6,A9,Z,10.8,7.7,9.4,30,221
2026,MERCEDES-BENZ,E 450 4MATIC ALL-TERRAIN WAGON,STATION WAGON: MID-SIZE,3,6,A9,Z,10.6,7.6,9.3,30,218
2026,MERCEDES-BENZ,G 550 SUV,SPORT UTILITY VEHICLE: STANDARD,3,6,A9,Z,13.6,12.4,13.1,22,305
2026,MERCEDES-BENZ,GLA 250 SUV,STATION WAGON: SMALL,2,4,AM8,Z,9.2,6.9,8.2,34,190
2026,MERCEDES-BENZ,GLA 250 4MATIC SUV,SPORT UTILITY VEHICLE: SMALL,2,4,AM8,Z,9.4,7.1,8.4,34,196
2026,MERCEDES-BENZ,GLB 250 SUV,STATION WAGON: SMALL,2,4,AM8,Z,9.3,7,8.3,34,193
2026,MERCEDES-BENZ,GLB 250 4MATIC SUV,SPORT UTILITY VEHICLE: SMALL,2,4,AM8,Z,9.8,7.2,8.6,33,201
2026,MERCEDES-BENZ,GLC 300 4MATIC COUPE,SPORT UTILITY VEHICLE: SMALL,2,4,A9,Z,10.1,7.7,9,31,210
2026,MERCEDES-BENZ,GLC 300 4MATIC SUV,SPORT UTILITY VEHICLE: SMALL,2,4,A9,Z,9.9,7.7,8.9,32,208
2026,MERCEDES-BENZ,GLE 350 4MATIC SUV,SPORT UTILITY VEHICLE: STANDARD,2,4,A9,Z,12.2,9.2,10.8,26,255
2026,MERCEDES-BENZ,GLE 450 4MATIC COUPE,SPORT UTILITY VEHICLE: STANDARD,3,6,A9,Z,12.5,9.6,11.2,25,264
2026,MERCEDES-BENZ,GLE 450 4MATIC SUV,SPORT UTILITY VEHICLE: STANDARD,3,6,A9,Z,12.5,9.6,11.2,25,264
2026,MERCEDES-BENZ,GLE 580 4MATIC SUV,SPORT UTILITY VEHICLE: STANDARD,4,8,A9,Z,15.2,11.2,13.4,21,314
2026,MERCEDES-BENZ,GLS 450 4MATIC SUV,SPORT UTILITY VEHICLE: STANDARD,3,6,A9,Z,12.7,9.6,11.3,25,266
2026,MERCEDES-BENZ,GLS 580 4MATIC SUV,SPORT UTILITY VEHICLE: STANDARD,4,8,A9,Z,16.6,11.5,14.3,20,335
2026,MERCEDES-BENZ,MAYBACH GLS 600 4MATIC SUV,SPORT UTILITY VEHICLE: STANDARD,4,8,A9,Z,17.7,12.9,15.6,18,364
2026,MERCEDES-BENZ,S 500 4MATIC SEDAN,FULL-SIZE,3,6,A9,Z,11.6,8.2,10.1,28,236
2026,MERCEDES-BENZ,S 580 4MATIC SEDAN,FULL-SIZE,4,8,A9,Z,14.1,9.4,12,24,208
2026,MERCEDES-BENZ,MAYBACH S 580 4MATIC SEDAN,FULL-SIZE,4,8,A9,Z,14.6,8.8,12,24,280
2026,MERCEDES-BENZ,MAYBACH S 680 4MATIC SEDAN,FULL-SIZE,6,12,A9,Z,19.8,11.6,16.1,18,375
2026,MINI,COOPER 3 DOOR,SUBCOMPACT,2,4,AM7,Z,8.6,6,7.4,38,173
2026,MINI,COOPER 5 DOOR,COMPACT,2,4,AM7,Z,8.5,6,7.4,38,171
2026,MINI,COOPER CONVERTIBLE,MINICOMPACT,2,4,AM7,Z,8.8,6.4,7.7,37,179
2026,MINI,COOPER S 3 DOOR,SUBCOMPACT,2,4,AM7,Z,8.5,6.1,7.4,38,171
2026,MINI,COOPER S 5 DOOR,COMPACT,2,4,AM7,Z,8.4,6.1,7.3,39,170
2026,MINI,COOPER S CONVERTIBLE,MINICOMPACT,2,4,AM7,Z,8.9,6.6,7.9,36,181
2026,MINI,COUNTRYMAN S ALL4,SPORT UTILITY VEHICLE: SMALL,2,4,AM7,Z,9.8,7.3,8.7,32,201
2026,MINI,JCW 3 DOOR,SUBCOMPACT,2,4,AM7,Z,8.8,6.4,7.7,37,179
2026,MINI,JCW CONVERTIBLE,MINICOMPACT,2,4,AM7,Z,9,6.6,7.9,36,184
2026,MINI,JCW COUNTRYMAN ALL4,SPORT UTILITY VEHICLE: SMALL,2,4,AM7,Z,10.5,7.7,9.2,31,214
2026,MITSUBISHI,ECLIPSE CROSS 4WD,SPORT UTILITY VEHICLE: SMALL,1.5,4,AV8,X,9.6,8.9,9.3,30,216
2026,MITSUBISHI,OUTLANDER 4WD,SPORT UTILITY VEHICLE: SMALL,1.5,4,AV8,X,9.4,7.8,8.7,32,204
2026,MITSUBISHI,RVR,SPORT UTILITY VEHICLE: SMALL,2,4,AV6,X,9.7,7.8,8.8,32,206
2026,MITSUBISHI,RVR 4WD,SPORT UTILITY VEHICLE: SMALL,2,4,AV6,X,10.1,8.2,9.2,31,215
2026,MITSUBISHI,RVR 4WD,SPORT UTILITY VEHICLE: SMALL,2.4,4,AV6,X,10.3,8.3,9.4,30,219
2026,NISSAN,ARMADA 4WD,SPORT UTILITY VEHICLE: STANDARD,3.5,6,AS9,Z,14.7,12.4,13.7,21,323
2026,NISSAN,ARMADA 4WD PRO-4X,SPORT UTILITY VEHICLE: STANDARD,3.5,6,AS9,Z,15.7,12.9,14.4,20,339
2026,NISSAN,FRONTIER,PICKUP TRUCK: STANDARD,3.8,6,AS9,X,13.4,9.5,11.6,24,273
2026,NISSAN,FRONTIER 4WD,PICKUP TRUCK: STANDARD,3.8,6,AS9,X,13.5,11.1,12.4,23,293
2026,NISSAN,FRONTIER 4WD PRO-4X,PICKUP TRUCK: STANDARD,3.8,6,AS9,X,14,11.6,12.9,22,305
2026,NISSAN,KICKS,SPORT UTILITY VEHICLE: SMALL,2,4,AV,X,8.1,6.6,7.4,38,174
2026,NISSAN,KICKS AWD,SPORT UTILITY VEHICLE: SMALL,2,4,AV,X,8.5,6.9,7.8,36,183
2026,NISSAN,MURANO AWD,SPORT UTILITY VEHICLE: SMALL,2,4,AS9,X,10.6,8.6,9.7,29,229
2026,NISSAN,PATHFINDER 4WD,SPORT UTILITY VEHICLE: STANDARD,3.5,6,AS9,X,11.8,9.6,10.8,26,253
2026,NISSAN,PATHFINDER 4WD ROCK CREEK,SPORT UTILITY VEHICLE: STANDARD,3.5,6,AS9,Z,12,10.2,11.2,25,263
2026,NISSAN,ROGUE,SPORT UTILITY VEHICLE: SMALL,1.5,3,AV8,X,8,6.6,7.4,38,173
2026,NISSAN,ROGUE AWD,SPORT UTILITY VEHICLE: SMALL,1.5,3,AV8,X,8.3,6.8,7.6,37,179
2026,NISSAN,ROGUE AWD ROCK CREEK,SPORT UTILITY VEHICLE: SMALL,1.5,3,AV8,X,8.7,7.2,8,35,188
2026,NISSAN,SENTRA S,MID-SIZE,2,4,AV,X,7.9,6.1,7.1,40,167
2026,NISSAN,SENTRA SV,MID-SIZE,2,4,AV,X,7.9,6.1,7.1,40,166
2026,NISSAN,SENTRA SL/SR,MID-SIZE,2,4,AV,X,8,6.4,7.2,39,170
2026,NISSAN,Z,TWO-SEATER,3,6,AS9,Z,12.3,8.6,10.6,27,250
2026,NISSAN,Z,TWO-SEATER,3,6,M6,Z,13.4,10,11.9,24,280
2026,NISSAN,Z NISMO,TWO-SEATER,3,6,AS9,Z,14.1,9.9,12.2,23,287
2026,PORSCHE,911 CARRERA,MINICOMPACT,3,6,AM8,Z,12.9,9.2,11.3,25,263
2026,PORSCHE,911 CARRERA CABRIOLET,MINICOMPACT,3,6,AM8,Z,13,9.4,11.4,25,264
2026,PORSCHE,CAYENNE,SPORT UTILITY VEHICLE: STANDARD,3,6,AS8,Z,13.8,10.2,12.2,23,291
2026,PORSCHE,CAYENNE COUPE,SPORT UTILITY VEHICLE: STANDARD,3,6,AS8,Z,13.8,10.2,12.2,23,291
2026,PORSCHE,CAYENNE S,SPORT UTILITY VEHICLE: STANDARD,4,8,AS8,Z,15.3,11.2,13.5,21,324
2026,PORSCHE,CAYENNE S COUPE,SPORT UTILITY VEHICLE: STANDARD,4,8,AS8,Z,15.7,11,13.6,21,324
2026,PORSCHE,CAYENNE TURBO GT COUPE,SPORT UTILITY VEHICLE: STANDARD,4,8,AS8,Z,15.5,11.8,13.8,20,324
2026,PORSCHE,MACAN,SPORT UTILITY VEHICLE: SMALL,2,4,AM7,Z,12.4,9.3,11,26,263
2026,PORSCHE,MACAN T,SPORT UTILITY VEHICLE: SMALL,2,4,AM7,Z,12.2,9.6,11,26,259
2026,PORSCHE,MACAN S,SPORT UTILITY VEHICLE: SMALL,2.9,6,AM7,Z,13.8,10.1,12.2,23,289
2026,PORSCHE,MACAN GTS,SPORT UTILITY VEHICLE: SMALL,2.9,6,AM7,Z,13.5,10.7,12.2,23,290
2026,PORSCHE,PANAMERA,FULL-SIZE,2.9,6,AM8,Z,13.1,9.4,11.4,25,268
2026,PORSCHE,PANAMERA 4,FULL-SIZE,2.9,6,AM8,Z,13.1,9.4,11.4,25,264
2026,PORSCHE,PANAMERA GTS,FULL-SIZE,4,8,AM8,Z,14.7,9.8,12.5,23,295
2026,RAM,1500,PICKUP TRUCK: STANDARD,3,6,A8,X,13.1,9.4,11.5,25,269
2026,RAM,1500 ETORQUE,PICKUP TRUCK: STANDARD,3.6,6,A8,X,12,9.4,10.8,26,253
2026,RAM,1500 ETORQUE,PICKUP TRUCK: STANDARD,5.7,8,A8,X,13.8,10.8,12.5,23,292
2026,RAM,1500 4X4,PICKUP TRUCK: STANDARD,3,6,A8,X,13.2,9.9,11.7,24,276
2026,RAM,1500 4X4 ETORQUE,PICKUP TRUCK: STANDARD,3.6,6,A8,X,12.1,9.7,11,26,259
2026,RAM,1500 4X4 ETORQUE,PICKUP TRUCK: STANDARD,5.7,8,A8,X,14.7,11.6,13.3,21,312
2026,RAM,1500 4X4 HO,PICKUP TRUCK: STANDARD,3,6,A8,Z,15.7,11.5,13.8,20,324
2026,RAM,1500 4X4 RHO,PICKUP TRUCK: STANDARD,3,6,A8,Z,16.7,14.9,15.9,18,374
2026,ROLLS-ROYCE,CULLINAN,SPORT UTILITY VEHICLE: STANDARD,6.7,12,AS8,Z,19.7,12.4,16.4,17,379
2026,ROLLS-ROYCE,BLACK BADGE CULLINAN,SPORT UTILITY VEHICLE: STANDARD,6.7,12,AS8,Z,19.7,12.4,16.4,17,379
2026,ROLLS-ROYCE,GHOST,FULL-SIZE,6.7,12,AS8,Z,19.7,12.4,16.4,17,379
2026,ROLLS-ROYCE,BLACK BADGE GHOST,FULL-SIZE,6.7,12,AS8,Z,19.7,12.4,16.4,17,379
2026,ROLLS-ROYCE,GHOST EXTENDED,FULL-SIZE,6.7,12,AS8,Z,19.7,12.4,16.4,17,379
2026,ROLLS-ROYCE,PHANTOM,FULL-SIZE,6.7,12,AS8,Z,19.7,12.4,16.4,17,379
2026,ROLLS-ROYCE,PHANTOM EXTENDED,FULL-SIZE,6.7,12,AS8,Z,19.7,12.4,16.4,17,379
2026,SUBARU,ASCENT AWD,SPORT UTILITY VEHICLE: STANDARD,2.4,4,AV8,X,12.4,9.2,11,26,258
2026,SUBARU,BRZ,MINICOMPACT,2.4,4,AS6,Z,11.1,7.8,9.6,29,225
2026,SUBARU,BRZ,MINICOMPACT,2.4,4,M6,Z,12,8.8,10.5,27,247
2026,SUBARU,CROSSTREK AWD,SPORT UTILITY VEHICLE: SMALL,2.5,4,AV8,X,9,7.1,8.1,35,191
2026,SUBARU,CROSSTREK WILDERNESS AWD,SPORT UTILITY VEHICLE: SMALL,2.5,4,AV8,X,9.6,8.1,8.9,32,210
2026,SUBARU,CROSSTREK HYBRID AWD,SPORT UTILITY VEHICLE: SMALL,2.5,4,AV6,X,6.5,6.5,6.5,43,153
2026,SUBARU,FORESTER AWD,SPORT UTILITY VEHICLE: SMALL,2.5,4,AV8,X,9.1,7.2,8.3,34,194
2026,SUBARU,FORESTER WILDERNESS AWD,SPORT UTILITY VEHICLE: SMALL,2.5,4,AV8,X,9.9,8.3,9.2,31,216
2026,SUBARU,FORESTER HYBRID AWD,SPORT UTILITY VEHICLE: SMALL,2.5,4,AV6,X,6.8,7,6.9,41,161
2026,SUBARU,IMPREZA AWD,STATION WAGON: SMALL,2,4,AV8,X,8.8,6.9,8,35,185
2026,SUBARU,IMPREZA AWD,STATION WAGON: SMALL,2.5,4,AV8,X,9,7.2,8.2,34,193
2026,SUBARU,OUTBACK AWD,SPORT UTILITY VEHICLE: SMALL,2.4,4,AV8,X,11,8.3,9.7,29,229
2026,SUBARU,OUTBACK AWD,SPORT UTILITY VEHICLE: SMALL,2.5,4,AV8,X,9.3,7.5,8.5,33,199
2026,SUBARU,OUTBACK WILDERNESS AWD,SPORT UTILITY VEHICLE: SMALL,2.4,4,AV8,X,11.3,8.8,10.2,28,239
2026,TOYOTA,4RUNNER 4WD (PART-TIME 4WD),SPORT UTILITY VEHICLE: STANDARD,2.4,4,AS8,X,12.4,9.6,11.2,25,262
2026,TOYOTA,4RUNNER 4WD LIMITED,SPORT UTILITY VEHICLE: STANDARD,2.4,4,AS8,X,12,9.9,11.1,25,258
2026,TOYOTA,4RUNNER HYBRID 4WD (PART-TIME 4WD),SPORT UTILITY VEHICLE: STANDARD,2.4,4,AS8,X,10.4,9.6,10,28,235
2026,TOYOTA,4RUNNER HYBRID 4WD PLATINUM,SPORT UTILITY VEHICLE: STANDARD,2.4,4,AS8,X,10.5,9.7,10.1,28,236
2026,TOYOTA,CAMRY,MID-SIZE,2.5,4,AV,X,5,5,5,56,117
2026,TOYOTA,CAMRY AWD SE/XLE,MID-SIZE,2.5,4,AV,X,5.1,5.2,5.1,55,120
2026,TOYOTA,CAMRY AWD XSE,MID-SIZE,2.5,4,AV,X,5.5,5.5,5.5,51,127
2026,TOYOTA,COROLLA (1-MODE),COMPACT,2,4,AV,X,7.4,5.7,6.7,42,158
2026,TOYOTA,COROLLA (3-MODE),COMPACT,2,4,AV10,X,7.6,5.9,6.8,42,160
2026,TOYOTA,COROLLA HATCHBACK,COMPACT,2,4,AV10,X,7.5,5.9,6.8,42,159
2026,TOYOTA,COROLLA HYBRID,COMPACT,1.8,4,AV,X,4.4,5.1,4.7,60,110
2026,TOYOTA,COROLLA HYBRID AWD (2-MODE),COMPACT,1.8,4,AV,X,4.6,5.3,4.9,58,115
2026,TOYOTA,COROLLA HYBRID AWD (3-MODE),COMPACT,1.8,4,AV,X,5,5.7,5.3,53,124
2026,TOYOTA,COROLLA CROSS,SPORT UTILITY VEHICLE: SMALL,2,4,AV10,X,7.6,7.2,7.4,38,172
2026,TOYOTA,COROLLA CROSS AWD,SPORT UTILITY VEHICLE: SMALL,2,4,AV10,X,8.1,7.6,7.8,36,183
2026,TOYOTA,COROLLA CROSS HYBRID AWD,SPORT UTILITY VEHICLE: SMALL,2,4,AV6,X,5.2,6.1,5.6,50,132
2026,TOYOTA,CROWN AWD,MID-SIZE,2.4,4,AS6,X,8.1,7.3,7.8,36,182
2026,TOYOTA,CROWN AWD,MID-SIZE,2.5,4,AV,X,5.6,5.7,5.7,50,133
2026,TOYOTA,CROWN SIGNIA AWD,STATION WAGON: SMALL,2.5,4,AV,X,6.1,6.3,6.2,46,144
2026,TOYOTA,GR COROLLA,SUBCOMPACT,1.6,3,AS8,Z,12.1,8.6,10.5,27,245
2026,TOYOTA,GR COROLLA,SUBCOMPACT,1.6,3,M6,Z,11.1,8.3,9.8,29,229
2026,TOYOTA,GR SUPRA 3.0,TWO-SEATER,3,6,AS8,Z,10.5,8,9.4,30,217
2026,TOYOTA,GR SUPRA 3.0,TWO-SEATER,3,6,M6,Z,12.6,9,11,26,253
2026,TOYOTA,GR86,MINICOMPACT,2.4,4,AS6,Z,11.2,7.9,9.7,29,228
2026,TOYOTA,GR86,MINICOMPACT,2.4,4,M6,Z,12,8.9,10.6,27,250
2026,TOYOTA,GRAND HIGHLANDER AWD LE/XLE,SPORT UTILITY VEHICLE: STANDARD,2.4,4,AS8,X,11.2,8.6,10,28,236
2026,TOYOTA,GRAND HIGHLANDER AWD LIMITED/PLATINUM,SPORT UTILITY VEHICLE: STANDARD,2.4,4,AS8,X,11.6,9,10.7,26,249
2026,TOYOTA,GRAND HIGHLANDER HYBRID AWD,SPORT UTILITY VEHICLE: STANDARD,2.5,4,AV6,X,6.6,7.4,7,40,161
2026,TOYOTA,GRAND HIGHLANDER HYBRID MAX AWD,SPORT UTILITY VEHICLE: STANDARD,2.4,4,AV6,X,9,8.6,8.8,32,206
2026,TOYOTA,HIGHLANDER AWD,SPORT UTILITY VEHICLE: SMALL,2.4,4,AS8,X,11,8.4,9.9,29,231
2026,TOYOTA,HIGHLANDER HYBRID AWD,SPORT UTILITY VEHICLE: STANDARD,2.5,4,AV,X,6.7,6.8,6.7,42,158
2026,TOYOTA,HIGHLANDER HYBRID AWD LIMITED/PLATINUM,SPORT UTILITY VEHICLE: STANDARD,2.5,4,AV,X,6.6,6.8,6.7,42,156
2026,TOYOTA,LAND CRUISER,SPORT UTILITY VEHICLE: STANDARD,2.4,4,AS8,Z,10.7,9.5,10.1,28,237
2026,TOYOTA,PRIUS AWD,MID-SIZE,2,4,AV,X,4.8,4.7,4.8,59,111
2026,TOYOTA,RAV4 AWD LE,SPORT UTILITY VEHICLE: SMALL,2.5,4,AV,X,5.1,6,5.5,51,129
2026,TOYOTA,RAV4 AWD XLE,SPORT UTILITY VEHICLE: SMALL,2.5,4,AV,X,5.2,6.1,5.7,50,132
2026,TOYOTA,RAV4 AWD XSE/LIMITED,SPORT UTILITY VEHICLE: SMALL,2.5,4,AV,X,5.4,6.3,5.8,49,137
2026,TOYOTA,RAV4 AWD WOODLAND EDITION,SPORT UTILITY VEHICLE: SMALL,2.5,4,AV,X,5.7,6.7,6.2,46,143
2026,TOYOTA,SEQUOIA 4WD,SPORT UTILITY VEHICLE: STANDARD,3.4,6,AS10,X,12.6,10.5,11.7,24,273
2026,TOYOTA,SIENNA,MINIVAN,2.5,4,AV,X,6.6,6.5,6.6,43,153
2026,TOYOTA,SIENNA AWD,MINIVAN,2.5,4,AV,X,6.8,6.7,6.8,42,158
2026,TOYOTA,TACOMA 4WD (2-MODE),PICKUP TRUCK: SMALL,2.4,4,AS8,X,12.5,9.6,11.2,25,264
2026,TOYOTA,TACOMA 4WD (3-MODE),PICKUP TRUCK: SMALL,2.4,4,AS8,X,12.4,10.2,11.4,25,269
2026,TOYOTA,TACOMA 4WD,PICKUP TRUCK: SMALL,2.4,4,M6,X,13.2,10.3,11.9,24,279
2026,TOYOTA,TACOMA HYBRID 4WD,PICKUP TRUCK: STANDARD,2.4,4,AS8,X,10.5,9.9,10.3,27,240
2026,TOYOTA,TACOMA HYBRID 4WD LIMITED,PICKUP TRUCK: STANDARD,2.4,4,AS8,X,10.5,9.7,10.1,28,236
2026,TOYOTA,TUNDRA,PICKUP TRUCK: STANDARD,3.4,6,AS10,X,13.3,10.5,12,24,282
2026,TOYOTA,TUNDRA 4WD (1-MODE),PICKUP TRUCK: STANDARD,3.4,6,AS10,X,13.7,10.8,12.4,23,292
2026,TOYOTA,TUNDRA 4WD (3-MODE),PICKUP TRUCK: STANDARD,3.4,6,AS10,X,13.5,10.6,12.2,23,287
2026,TOYOTA,TUNDRA HYBRID 4WD,PICKUP TRUCK: STANDARD,3.4,6,AS10,X,12.7,10.5,11.7,24,274
2026,TOYOTA,TUNDRA HYBRID 4WD TRD PRO,PICKUP TRUCK: STANDARD,3.4,6,AS10,X,12.9,11.6,12.3,23,287
2026,VOLKSWAGEN,ATLAS 4MOTION COMFORTLINE,SPORT UTILITY VEHICLE: SMALL,2,4,AS8,X,12,9.2,10.7,26,252
2026,VOLKSWAGEN,ATLAS 4MOTION HIGHLINE/EXECLINE,SPORT UTILITY VEHICLE: SMALL,2,4,AS8,X,12.4,9.4,11,26,259
2026,VOLKSWAGEN,ATLAS 4MOTION PEAK EDITION,SPORT UTILITY VEHICLE: SMALL,2,4,AS8,X,12.6,9.4,11.1,25,262
2026,VOLKSWAGEN,ATLAS CROSS SPORT 4MOTION,SPORT UTILITY VEHICLE: SMALL,2,4,AS8,X,12,9.2,10.7,26,252
2026,VOLKSWAGEN,GOLF GTI,COMPACT,2,4,AM7,X,9.9,7.4,8.8,32,205
2026,VOLKSWAGEN,GOLF R,COMPACT,2,4,AM7,Z,10.5,7.7,9.3,30,217
2026,VOLKSWAGEN,JETTA,COMPACT,1.5,4,AS8,X,8.2,5.9,7.2,39,169
2026,VOLKSWAGEN,JETTA GLI,COMPACT,2,4,AM7,X,9.5,6.7,8.2,34,194
2026,VOLKSWAGEN,JETTA GLI,COMPACT,2,4,M6,X,9.1,6.5,8.1,35,190
2026,VOLKSWAGEN,TAOS,SPORT UTILITY VEHICLE: SMALL,1.5,4,AS8,X,8.3,6.5,7.4,38,178
2026,VOLKSWAGEN,TAOS 4MOTION,SPORT UTILITY VEHICLE: SMALL,1.5,4,AS8,X,9.4,7.2,8.4,34,198
2026,VOLKSWAGEN,TIGUAN,SPORT UTILITY VEHICLE: SMALL,2,4,AS8,X,9.4,7.3,8.5,33,199
2026,VOLKSWAGEN,TIGUAN 4MOTION,SPORT UTILITY VEHICLE: SMALL,2,4,AS8,X,10.4,7.6,9.2,31,216
2026,VOLVO,V60 CC B5 AWD,STATION WAGON: SMALL,2,4,AS8,Z,10.1,7.6,8.9,32,210
2026,VOLVO,V90 CC B6 AWD,STATION WAGON: MID-SIZE,2,4,AS8,Z,10.4,8,9.3,30,219
2026,VOLVO,XC40 B5 AWD,SPORT UTILITY VEHICLE: SMALL,2,4,AS8,Z,10.1,7.8,9.1,31,213
2026,VOLVO,XC60 B5 AWD,SPORT UTILITY VEHICLE: SMALL,2,4,AS8,Z,10,7.8,9,31,212
2026,VOLVO,XC90 B6 AWD,SPORT UTILITY VEHICLE: STANDARD,2,4,AS8,Z,11.5,9,10.4,27,244